{
  "ckpt": "fold10",
  "cells": {
    "RT_paper_EoR_K7_CSFWM_inclz": {
      "n_test": 50,
      "top1": 0.52,
      "top5": 0.88,
      "brain_retrieval_top1": 0.62,
      "two_afc": 0.963265306122449,
      "merge_separate_auc": 0.9514367346938776,
      "cohens_d": 2.3818001747131348,
      "brier": 0.9277335405349731,
      "ece": 0.4679360543191433,
      "sel@\u03c4\u22650.05": [
        0.7894736842105263,
        19
      ],
      "sel@\u03c4\u22650.1": [
        null,
        0
      ],
      "sel@\u03c4\u22650.2": [
        null,
        0
      ],
      "sel@\u03c4\u22650.5": [
        null,
        0
      ],
      "beta_reliability_r": 0.24321732330601661
    },
    "RT_paper_EoR_K7_CSFWM_HP_inclz": {
      "n_test": 50,
      "top1": 0.48,
      "top5": 0.86,
      "brain_retrieval_top1": 0.64,
      "two_afc": 0.9644897959183674,
      "merge_separate_auc": 0.9511510204081632,
      "cohens_d": 2.336998701095581,
      "brier": 0.929768443107605,
      "ece": 0.4289694871008396,
      "sel@\u03c4\u22650.05": [
        0.8421052631578947,
        19
      ],
      "sel@\u03c4\u22650.1": [
        null,
        0
      ],
      "sel@\u03c4\u22650.2": [
        null,
        0
      ],
      "sel@\u03c4\u22650.5": [
        null,
        0
      ],
      "beta_reliability_r": 0.23862407610751687
    },
    "RT_paper_EoR_K7_CSFWM_erode_inclz": {
      "n_test": 50,
      "top1": 0.5,
      "top5": 0.8,
      "brain_retrieval_top1": 0.62,
      "two_afc": 0.9506122448979591,
      "merge_separate_auc": 0.9452979591836734,
      "cohens_d": 2.284400463104248,
      "brier": 0.9307958483695984,
      "ece": 0.4493897598981857,
      "sel@\u03c4\u22650.05": [
        0.8181818181818182,
        22
      ],
      "sel@\u03c4\u22650.1": [
        1.0,
        1
      ],
      "sel@\u03c4\u22650.2": [
        null,
        0
      ],
      "sel@\u03c4\u22650.5": [
        null,
        0
      ],
      "beta_reliability_r": 0.2318425380003949
    },
    "RT_paper_EoR_K7_CSFWM_HP_erode_inclz": {
      "n_test": 50,
      "top1": 0.5,
      "top5": 0.8,
      "brain_retrieval_top1": 0.62,
      "two_afc": 0.9506122448979591,
      "merge_separate_auc": 0.9452979591836734,
      "cohens_d": 2.284400463104248,
      "brier": 0.9307958483695984,
      "ece": 0.4493897598981857,
      "sel@\u03c4\u22650.05": [
        0.8181818181818182,
        22
      ],
      "sel@\u03c4\u22650.1": [
        1.0,
        1
      ],
      "sel@\u03c4\u22650.2": [
        null,
        0
      ],
      "sel@\u03c4\u22650.5": [
        null,
        0
      ],
      "beta_reliability_r": 0.2318425380003949
    }
  }
}