{
  "ckpt": "fold10",
  "cells": {
    "RT_paper_EoR_K0_CSFWM_inclz": {
      "n_test": 50,
      "top1": 0.5,
      "top5": 0.8,
      "brain_retrieval_top1": 0.62,
      "two_afc": 0.9506122448979591,
      "merge_separate_auc": 0.9452979591836734,
      "cohens_d": 2.284400463104248,
      "brier": 0.9307958483695984,
      "ece": 0.4493897598981857,
      "sel@\u03c4\u22650.05": [
        0.8181818181818182,
        22
      ],
      "sel@\u03c4\u22650.1": [
        1.0,
        1
      ],
      "sel@\u03c4\u22650.2": [
        null,
        0
      ],
      "sel@\u03c4\u22650.5": [
        null,
        0
      ],
      "beta_reliability_r": 0.2318425380003949
    },
    "RT_paper_EoR_K3_CSFWM_inclz": {
      "n_test": 50,
      "top1": 0.54,
      "top5": 0.86,
      "brain_retrieval_top1": 0.66,
      "two_afc": 0.9616326530612245,
      "merge_separate_auc": 0.9478938775510204,
      "cohens_d": 2.3343753814697266,
      "brier": 0.9284400939941406,
      "ece": 0.4886470817029476,
      "sel@\u03c4\u22650.05": [
        0.8571428571428571,
        21
      ],
      "sel@\u03c4\u22650.1": [
        1.0,
        1
      ],
      "sel@\u03c4\u22650.2": [
        null,
        0
      ],
      "sel@\u03c4\u22650.5": [
        null,
        0
      ],
      "beta_reliability_r": 0.23991822599122922
    },
    "RT_paper_EoR_K5_CSFWM_inclz": {
      "n_test": 50,
      "top1": 0.48,
      "top5": 0.86,
      "brain_retrieval_top1": 0.66,
      "two_afc": 0.9612244897959183,
      "merge_separate_auc": 0.950465306122449,
      "cohens_d": 2.3490729331970215,
      "brier": 0.9295356869697571,
      "ece": 0.42894239820539953,
      "sel@\u03c4\u22650.05": [
        0.75,
        20
      ],
      "sel@\u03c4\u22650.1": [
        1.0,
        1
      ],
      "sel@\u03c4\u22650.2": [
        null,
        0
      ],
      "sel@\u03c4\u22650.5": [
        null,
        0
      ],
      "beta_reliability_r": 0.2427979779460778
    },
    "RT_paper_EoR_K7_CSFWM_inclz": {
      "n_test": 50,
      "top1": 0.52,
      "top5": 0.88,
      "brain_retrieval_top1": 0.62,
      "two_afc": 0.963265306122449,
      "merge_separate_auc": 0.9514367346938776,
      "cohens_d": 2.3818001747131348,
      "brier": 0.9277335405349731,
      "ece": 0.4679360543191433,
      "sel@\u03c4\u22650.05": [
        0.7894736842105263,
        19
      ],
      "sel@\u03c4\u22650.1": [
        null,
        0
      ],
      "sel@\u03c4\u22650.2": [
        null,
        0
      ],
      "sel@\u03c4\u22650.5": [
        null,
        0
      ],
      "beta_reliability_r": 0.24321732330601661
    },
    "RT_paper_EoR_K10_CSFWM_inclz": {
      "n_test": 50,
      "top1": 0.52,
      "top5": 0.82,
      "brain_retrieval_top1": 0.62,
      "two_afc": 0.9567346938775511,
      "merge_separate_auc": 0.9444,
      "cohens_d": 2.29042387008667,
      "brier": 0.9299250841140747,
      "ece": 0.46852448999881746,
      "sel@\u03c4\u22650.05": [
        0.7894736842105263,
        19
      ],
      "sel@\u03c4\u22650.1": [
        null,
        0
      ],
      "sel@\u03c4\u22650.2": [
        null,
        0
      ],
      "sel@\u03c4\u22650.5": [
        null,
        0
      ],
      "beta_reliability_r": 0.23802507549989968
    },
    "RT_paper_EoR_K15_CSFWM_inclz": {
      "n_test": 50,
      "top1": 0.46,
      "top5": 0.78,
      "brain_retrieval_top1": 0.52,
      "two_afc": 0.9428571428571428,
      "merge_separate_auc": 0.9322530612244898,
      "cohens_d": 2.148569107055664,
      "brier": 0.936591625213623,
      "ece": 0.4126932991296053,
      "sel@\u03c4\u22650.05": [
        0.75,
        16
      ],
      "sel@\u03c4\u22650.1": [
        0.0,
        1
      ],
      "sel@\u03c4\u22650.2": [
        null,
        0
      ],
      "sel@\u03c4\u22650.5": [
        null,
        0
      ],
      "beta_reliability_r": 0.2091300567332655
    },
    "RT_paper_EoR_K20_CSFWM_inclz": {
      "n_test": 50,
      "top1": 0.42,
      "top5": 0.66,
      "brain_retrieval_top1": 0.36,
      "two_afc": 0.9044897959183673,
      "merge_separate_auc": 0.8856489795918367,
      "cohens_d": 1.7484402656555176,
      "brier": 0.944692850112915,
      "ece": 0.37126281678676604,
      "sel@\u03c4\u22650.05": [
        0.6111111111111112,
        18
      ],
      "sel@\u03c4\u22650.1": [
        null,
        0
      ],
      "sel@\u03c4\u22650.2": [
        null,
        0
      ],
      "sel@\u03c4\u22650.5": [
        null,
        0
      ],
      "beta_reliability_r": 0.17900284093183777
    }
  }
}